epoch,accuracy,loss,top3,val_accuracy,val_loss,val_top3,learning_rate
0,0.4724080264568329,2.443157196044922,0.6496655344963074,0.8210116624832153,1.5718697309494019,0.9649805426597595,0.0010000000474974513
1,0.8436455130577087,1.3423274755477905,0.953177273273468,0.8949416279792786,1.103859782218933,0.9844357967376709,0.0010000000474974513
2,0.898829460144043,1.0525280237197876,0.9657190442085266,0.9221789836883545,0.9826944470405579,0.9883268475532532,0.0010000000474974513
3,0.9247491359710693,0.943867027759552,0.9849498271942139,0.9221789836883545,0.9332053661346436,0.9922178983688354,0.0010000000474974513
4,0.9331103563308716,0.9028558135032654,0.985785961151123,0.9221789836883545,0.9063535332679749,0.9922178983688354,0.0010000000474974513
5,0.9389632344245911,0.8649070262908936,0.9933110475540161,0.9260700345039368,0.8981723785400391,0.9922178983688354,0.0010000000474974513
6,0.953177273273468,0.8375051617622375,0.9908027052879333,0.9260700345039368,0.8896365165710449,0.9883268475532532,0.0010000000474974513
7,0.9556856155395508,0.8312149047851562,0.9941471815109253,0.9221789836883545,0.8837905526161194,0.9883268475532532,0.0010000000474974513
8,0.9548494815826416,0.8301380276679993,0.9924749135971069,0.9260700345039368,0.876792848110199,0.9883268475532532,0.0010000000474974513
9,0.9648829698562622,0.7988321781158447,0.9949832558631897,0.9221789836883545,0.8747020363807678,0.9844357967376709,0.0010000000474974513
10,0.9698996543884277,0.7926105260848999,0.9941471815109253,0.9182879328727722,0.8745470643043518,0.9844357967376709,0.0010000000474974513
11,0.9757525324821472,0.776481032371521,0.9966555237770081,0.9143968820571899,0.872147262096405,0.9844357967376709,0.0010000000474974513
12,0.9740802645683289,0.7700257301330566,1.0,0.9221789836883545,0.8683423399925232,0.9844357967376709,0.0010000000474974513
13,0.9765886068344116,0.7668341994285583,0.9991638660430908,0.9260700345039368,0.8676847219467163,0.9844357967376709,0.0010000000474974513
14,0.9807692170143127,0.7616726160049438,0.9991638660430908,0.9143968820571899,0.8641437292098999,0.9844357967376709,0.0010000000474974513
15,0.989130437374115,0.7482191920280457,0.9991638660430908,0.9143968820571899,0.861900269985199,0.9844357967376709,9.999999747378752e-06
16,0.9816053509712219,0.7529600858688354,0.9974916577339172,0.9143968820571899,0.8609469532966614,0.9844357967376709,9.999999747378752e-06
17,0.9882943034172058,0.7436812520027161,0.9991638660430908,0.9221789836883545,0.861134946346283,0.9844357967376709,9.999999747378752e-06
18,0.9841136932373047,0.7480227947235107,0.9991638660430908,0.9182879328727722,0.8604546189308167,0.9844357967376709,9.999999747378752e-06
19,0.985785961151123,0.739974856376648,1.0,0.9182879328727722,0.8600796461105347,0.9844357967376709,9.999999747378752e-06
20,0.9832776188850403,0.7430129051208496,1.0,0.9182879328727722,0.8599801063537598,0.9844357967376709,9.999999747378752e-06
21,0.9824414849281311,0.7460113763809204,0.9991638660430908,0.9260700345039368,0.8592842817306519,0.9844357967376709,9.999999747378752e-06
22,0.9841136932373047,0.7432059049606323,1.0,0.9260700345039368,0.8599692583084106,0.9844357967376709,9.999999747378752e-06
23,0.985785961151123,0.7432865500450134,0.9991638660430908,0.9260700345039368,0.8593463897705078,0.9844357967376709,9.999999747378752e-06
24,0.989130437374115,0.7379460334777832,1.0,0.9260700345039368,0.8591470122337341,0.9844357967376709,4.999999873689376e-06
25,0.9908027052879333,0.7330674529075623,0.9991638660430908,0.9260700345039368,0.8583258986473083,0.9844357967376709,4.999999873689376e-06
26,0.9874581694602966,0.7372578978538513,0.9974916577339172,0.9260700345039368,0.8583021759986877,0.9844357967376709,4.999999873689376e-06
27,0.9899665713310242,0.7336537837982178,1.0,0.9260700345039368,0.8576851487159729,0.9844357967376709,4.999999873689376e-06
28,0.9832776188850403,0.7387008666992188,0.9983277320861816,0.9260700345039368,0.8576139807701111,0.9844357967376709,4.999999873689376e-06
29,0.9899665713310242,0.7352117896080017,0.9991638660430908,0.9260700345039368,0.8575882911682129,0.9844357967376709,4.999999873689376e-06
30,0.9899665713310242,0.7315309643745422,1.0,0.9260700345039368,0.8575711250305176,0.9844357967376709,2.499999936844688e-06
31,0.9908027052879333,0.7303394675254822,0.9983277320861816,0.9260700345039368,0.8575291037559509,0.9844357967376709,2.499999936844688e-06
32,0.9916387796401978,0.7308272123336792,1.0,0.9260700345039368,0.857517659664154,0.9844357967376709,2.499999936844688e-06
33,0.9933110475540161,0.7309786081314087,0.9991638660430908,0.9260700345039368,0.8575251698493958,0.9844357967376709,1.249999968422344e-06
34,0.9933110475540161,0.7272891998291016,1.0,0.9260700345039368,0.8576497435569763,0.9844357967376709,1.249999968422344e-06
