,Custom CNN,EfficientNetB0,test_images
antelope,0.5454545454545454,0.9411764705882353,8
bear,0.3333333333333333,1.0,7
bison,0.625,0.9333333333333333,7
butterfly,0.6666666666666666,1.0,8
cat,0.46153846153846156,0.9787234042553191,23
chimpanzee,0.5555555555555556,0.9333333333333333,8
cow,0.3076923076923077,0.875,8
crow,0.6666666666666666,1.0,8
deer,0.2962962962962963,0.8571428571428571,8
dog,0.1935483870967742,1.0,23
dolphin,0.7058823529411765,0.875,7
donkey,0.15384615384615385,0.8571428571428571,7
duck,0.3076923076923077,1.0,8
eagle,0.42857142857142855,1.0,7
elephant,0.5454545454545454,1.0,23
flamingo,0.9230769230769231,1.0,6
fox,0.4,1.0,8
goat,0.25,0.8,8
hare,0.21428571428571427,0.8571428571428571,8
horse,0.3870967741935484,0.9565217391304348,22
lion,0.21052631578947367,0.9565217391304348,23
penguin,0.38095238095238093,0.8571428571428571,8
sheep,0.2,0.9333333333333333,7
zebra,0.7619047619047619,1.0,8
